row_index,url,column,raw_value,issue_type,message,value_used,requires_manual_review
1,https://www.portalinmobiliario.com/MLC-3448621696-linda-y-acogedora-casa-en-umbrales-de-buin-_JM,IMAGES,"{""""""""n_img"""""""": 5, """"""""images"""""""": [""""""""https://http2.mlstatic.com/D_NQ_NP_94...",images_json_invalid,JSON inválido: Expecting ':' delimiter: line 1 column 4 (char 3),(lista vacía),True
2,https://www.portalinmobiliario.com/MLC-3480018706-se-arrienda-casa-en-valle-la-araucaria-buin-modelo-roble-_JM,IMAGES,"{""""""""n_img"""""""": 5, """"""""images"""""""": [""""""""https://http2.mlstatic.com/D_NQ_NP_96...",images_json_invalid,JSON inválido: Expecting ':' delimiter: line 1 column 4 (char 3),(lista vacía),True
3,https://www.portalinmobiliario.com/MLC-3482279260-casa-aislada-en-condominio-seguro-73517-_JM,IMAGES,"{""""""""n_img"""""""": 5, """"""""images"""""""": [""""""""https://http2.mlstatic.com/D_NQ_NP_76...",images_json_invalid,JSON inválido: Expecting ':' delimiter: line 1 column 4 (char 3),(lista vacía),True
4,https://www.portalinmobiliario.com/MLC-1809933069-tranquila-en-condominio-_JM,IMAGES,"{""""""""n_img"""""""": 5, """"""""images"""""""": [""""""""https://http2.mlstatic.com/D_NQ_NP_63...",images_json_invalid,JSON inválido: Expecting ':' delimiter: line 1 column 4 (char 3),(lista vacía),True
5,https://www.portalinmobiliario.com/MLC-3484379396-arriendo-casa-en-condo-3-dorm-3-banos-piscina-138859-_JM,IMAGES,"{""""""""n_img"""""""": 5, """"""""images"""""""": [""""""""https://http2.mlstatic.com/D_NQ_NP_60...",images_json_invalid,JSON inválido: Expecting ':' delimiter: line 1 column 4 (char 3),(lista vacía),True
6,https://www.portalinmobiliario.com/MLC-3485510190-arriendo-amplia-casa-en-buin-3d3b2e-_JM,IMAGES,"{""""""""n_img"""""""": 5, """"""""images"""""""": [""""""""https://http2.mlstatic.com/D_NQ_NP_98...",images_json_invalid,JSON inválido: Expecting ':' delimiter: line 1 column 4 (char 3),(lista vacía),True
7,https://www.portalinmobiliario.com/MLC-1795745975-casa-santiago-sandoval-las-vinas-ii-villaseca-buin-_JM,IMAGES," Las Viñas Ii Villaseca Buin."""",{""""""""n_img"""""""": 5, """"""""images"""""""": [""""""""https...",images_json_invalid,JSON inválido: Expecting value: line 1 column 1 (char 0),(lista vacía),True
8,https://www.portalinmobiliario.com/MLC-3485276566-casa-en-arriendo-en-villa-jesus-calera-de-tango-_JM,IMAGES,"{""""""""n_img"""""""": 5, """"""""images"""""""": [""""""""https://http2.mlstatic.com/D_NQ_NP_95...",images_json_invalid,JSON inválido: Expecting ':' delimiter: line 1 column 4 (char 3),(lista vacía),True
9,https://www.portalinmobiliario.com/MLC-3485486868-casa-en-arriendo-de-3-dorm-en-calera-de-tango-_JM,IMAGES,"{""""""""n_img"""""""": 5, """"""""images"""""""": [""""""""https://http2.mlstatic.com/D_NQ_NP_80...",images_json_invalid,JSON inválido: Expecting ':' delimiter: line 1 column 4 (char 3),(lista vacía),True
10,https://www.portalinmobiliario.com/MLC-1810835947-se-arrienda-casa-en-cerrillos-oportunidad-unica-arriend-_JM,IMAGES,"{""""""""n_img"""""""": 5, """"""""images"""""""": [""""""""https://http2.mlstatic.com/D_NQ_NP_66...",images_json_invalid,JSON inválido: Expecting ':' delimiter: line 1 column 4 (char 3),(lista vacía),True
11,https://www.portalinmobiliario.com/MLC-1806437167-casa-en-arriendo-en-condominio-los-portones-_JM,IMAGES,"{""""""""n_img"""""""": 5, """"""""images"""""""": [""""""""https://http2.mlstatic.com/D_NQ_NP_87...",images_json_invalid,JSON inválido: Expecting ':' delimiter: line 1 column 4 (char 3),(lista vacía),True
12,https://www.portalinmobiliario.com/MLC-3360939284-oportunidad-casa-3d3b3est-1bod-_JM,IMAGES,"{""""""""n_img"""""""": 5, """"""""images"""""""": [""""""""https://http2.mlstatic.com/D_NQ_NP_82...",images_json_invalid,JSON inválido: Expecting ':' delimiter: line 1 column 4 (char 3),(lista vacía),True
13,https://www.portalinmobiliario.com/MLC-1807951501-espectacular-casa-moderna-no-perimetral-3d-4b-24-hrs-seguri-_JM,IMAGES,"{""""""""n_img"""""""": 5, """"""""images"""""""": [""""""""https://http2.mlstatic.com/D_NQ_NP_72...",images_json_invalid,JSON inválido: Expecting ':' delimiter: line 1 column 4 (char 3),(lista vacía),True
14,https://www.portalinmobiliario.com/MLC-3479895232-casa-en-arriendo-de-3-dorm-en-colina-_JM,IMAGES,"{""""""""n_img"""""""": 5, """"""""images"""""""": [""""""""https://http2.mlstatic.com/D_NQ_NP_66...",images_json_invalid,JSON inválido: Expecting ':' delimiter: line 1 column 4 (char 3),(lista vacía),True
15,https://www.portalinmobiliario.com/MLC-3485523130-casa-townhouse-en-arriendo-de-4-dorm-en-chicureo-_JM,IMAGES,"{""""""""n_img"""""""": 5, """"""""images"""""""": [""""""""https://http2.mlstatic.com/D_NQ_NP_88...",images_json_invalid,JSON inválido: Expecting ':' delimiter: line 1 column 4 (char 3),(lista vacía),True
16,https://www.portalinmobiliario.com/MLC-3477546642-se-arrienda-casa-en-las-brisas-de-chicureo-_JM,IMAGES,"{""""""""n_img"""""""": 5, """"""""images"""""""": [""""""""https://http2.mlstatic.com/D_NQ_NP_76...",images_json_invalid,JSON inválido: Expecting ':' delimiter: line 1 column 4 (char 3),(lista vacía),True
17,https://www.portalinmobiliario.com/MLC-1808007609-casa-santa-elena-cercano-a-colegiospumahuetrewhelaspucala-_JM,IMAGES,"{""""""""n_img"""""""": 5, """"""""images"""""""": [""""""""https://http2.mlstatic.com/D_NQ_NP_97...",images_json_invalid,JSON inválido: Expecting ':' delimiter: line 1 column 4 (char 3),(lista vacía),True
18,https://www.portalinmobiliario.com/MLC-3479940656-arriendo-casa-amoblada-de-5-dorm-y-5-banos-en-piedra-roja-_JM,IMAGES,"{""""""""n_img"""""""": 5, """"""""images"""""""": [""""""""https://http2.mlstatic.com/D_NQ_NP_80...",images_json_invalid,JSON inválido: Expecting ':' delimiter: line 1 column 4 (char 3),(lista vacía),True
19,https://www.portalinmobiliario.com/MLC-3479875876-arriendo-casa-5-dormitorios-y-5-banos-en-piedra-roja-_JM,IMAGES,"{""""""""n_img"""""""": 5, """"""""images"""""""": [""""""""https://http2.mlstatic.com/D_NQ_NP_91...",images_json_invalid,JSON inválido: Expecting ':' delimiter: line 1 column 4 (char 3),(lista vacía),True
20,https://www.portalinmobiliario.com/MLC-1809791515-excelente-condominio-piedra-roja-_JM,IMAGES,"{""""""""n_img"""""""": 5, """"""""images"""""""": [""""""""https://http2.mlstatic.com/D_NQ_NP_92...",images_json_invalid,JSON inválido: Expecting ':' delimiter: line 1 column 4 (char 3),(lista vacía),True
21,https://www.portalinmobiliario.com/MLC-3484876758-casa-en-arriendo-de-3-dorm-en-colina-_JM,IMAGES,"{""""""""n_img"""""""": 5, """"""""images"""""""": [""""""""https://http2.mlstatic.com/D_NQ_NP_77...",images_json_invalid,JSON inválido: Expecting ':' delimiter: line 1 column 4 (char 3),(lista vacía),True
22,https://www.portalinmobiliario.com/MLC-1810019789-casa-en-arriendo-de-3-dorm-en-colina-_JM,IMAGES,"{""""""""n_img"""""""": 5, """"""""images"""""""": [""""""""https://http2.mlstatic.com/D_NQ_NP_65...",images_json_invalid,JSON inválido: Expecting ':' delimiter: line 1 column 4 (char 3),(lista vacía),True
23,https://www.portalinmobiliario.com/MLC-3480266226-el-algarrobal-chicureo-_JM,IMAGES," Chicureo"""",{""""""""n_img"""""""": 5, """"""""images"""""""": [""""""""https://http2.mlstatic.co...",images_json_invalid,JSON inválido: Expecting value: line 1 column 1 (char 0),(lista vacía),True
24,https://www.portalinmobiliario.com/MLC-3480057256-casa-en-arriendo-de-3-dorm-2-banos-servicio-piedra-roja-_JM,IMAGES," Piedra Roja"""",{""""""""n_img"""""""": 5, """"""""images"""""""": [""""""""https://http2.mlstatic...",images_json_invalid,JSON inválido: Expecting value: line 1 column 1 (char 0),(lista vacía),True
25,https://www.portalinmobiliario.com/MLC-1807939623-hermosa-casa-mediterranea-4d5b-gran-piscina-dg-_JM,IMAGES,"{""""""""n_img"""""""": 5, """"""""images"""""""": [""""""""https://http2.mlstatic.com/D_NQ_NP_74...",images_json_invalid,JSON inválido: Expecting ':' delimiter: line 1 column 4 (char 3),(lista vacía),True
26,https://www.portalinmobiliario.com/MLC-3485529580-casa-en-condominio-pinares-de-mahuida-santa-esther-_JM,IMAGES," Santa Esther"""",{""""""""n_img"""""""": 5, """"""""images"""""""": [""""""""https://http2.mlstati...",images_json_invalid,JSON inválido: Expecting value: line 1 column 1 (char 0),(lista vacía),True
27,https://www.portalinmobiliario.com/MLC-3467067626-casa-en-arriendo-de3d3b43servicio-colina-piedra-roja-_JM,IMAGES," Colina Piedra Roja"""",{""""""""n_img"""""""": 5, """"""""images"""""""": [""""""""https://http2.m...",images_json_invalid,JSON inválido: Expecting value: line 1 column 1 (char 0),(lista vacía),True
28,https://www.portalinmobiliario.com/MLC-1809926339-gran-oportunidad-se-arrienda-linda-casa-nueva-sin-uso-en-col-_JM,IMAGES,"{""""""""n_img"""""""": 5, """"""""images"""""""": [""""""""https://http2.mlstatic.com/D_NQ_NP_93...",images_json_invalid,JSON inválido: Expecting ':' delimiter: line 1 column 4 (char 3),(lista vacía),True
29,https://www.portalinmobiliario.com/MLC-1808160071-increibles-vista-3d4bpieza-serv-no-perimet-dg-_JM,IMAGES,"{""""""""n_img"""""""": 5, """"""""images"""""""": [""""""""https://http2.mlstatic.com/D_NQ_NP_78...",images_json_invalid,JSON inválido: Expecting ':' delimiter: line 1 column 4 (char 3),(lista vacía),True
30,https://www.portalinmobiliario.com/MLC-1809809555-se-arrienda-espectacular-casa-en-condominio-chicureo-iii-_JM,IMAGES,"{""""""""n_img"""""""": 5, """"""""images"""""""": [""""""""https://http2.mlstatic.com/D_NQ_NP_90...",images_json_invalid,JSON inválido: Expecting ':' delimiter: line 1 column 4 (char 3),(lista vacía),True
31,https://www.portalinmobiliario.com/MLC-1802885251-se-arrienda-casa-centro-chicureo-_JM,IMAGES," Centro Chicureo"""",{""""""""n_img"""""""": 5, """"""""images"""""""": [""""""""https://http2.mlst...",images_json_invalid,JSON inválido: Expecting value: line 1 column 1 (char 0),(lista vacía),True
32,https://www.portalinmobiliario.com/MLC-3480011826-casa-en-arriendo-de-3-dorm-en-chicureo-con-piscinaquincho-_JM,IMAGES,"{""""""""n_img"""""""": 5, """"""""images"""""""": [""""""""https://http2.mlstatic.com/D_NQ_NP_74...",images_json_invalid,JSON inválido: Expecting ':' delimiter: line 1 column 4 (char 3),(lista vacía),True
33,https://www.portalinmobiliario.com/MLC-1809773787-casa-en-arriendo-en-colina-_JM,IMAGES,"{""""""""n_img"""""""": 5, """"""""images"""""""": [""""""""https://http2.mlstatic.com/D_NQ_NP_72...",images_json_invalid,JSON inválido: Expecting ':' delimiter: line 1 column 4 (char 3),(lista vacía),True
34,https://www.portalinmobiliario.com/MLC-3388285382-casa-en-condominio-consolidado-con-seguridad-247-_JM,IMAGES,"{""""""""n_img"""""""": 5, """"""""images"""""""": [""""""""https://http2.mlstatic.com/D_NQ_NP_76...",images_json_invalid,JSON inválido: Expecting ':' delimiter: line 1 column 4 (char 3),(lista vacía),True
35,https://www.portalinmobiliario.com/MLC-3432657912-estupenda-casa-provenzal-ubicada-en-condominio-las-flores-_JM,IMAGES,"{""""""""n_img"""""""": 5, """"""""images"""""""": [""""""""https://http2.mlstatic.com/D_NQ_NP_71...",images_json_invalid,JSON inválido: Expecting ':' delimiter: line 1 column 4 (char 3),(lista vacía),True
36,https://www.portalinmobiliario.com/MLC-3485131788-preciosa-casa-de-5-dormitorios-mas-servicios-no-perimetral-_JM,IMAGES,"{""""""""n_img"""""""": 5, """"""""images"""""""": [""""""""https://http2.mlstatic.com/D_NQ_NP_83...",images_json_invalid,JSON inválido: Expecting ':' delimiter: line 1 column 4 (char 3),(lista vacía),True
37,https://www.portalinmobiliario.com/MLC-1809770653-casa-centro-chicureo-_JM,IMAGES,"{""""""""n_img"""""""": 5, """"""""images"""""""": [""""""""https://http2.mlstatic.com/D_NQ_NP_81...",images_json_invalid,JSON inválido: Expecting ':' delimiter: line 1 column 4 (char 3),(lista vacía),True
38,https://www.portalinmobiliario.com/MLC-3423246268-linda-casa-estilo-mediterraneo-piedras-roja-condominio-_JM,IMAGES,"{""""""""n_img"""""""": 5, """"""""images"""""""": [""""""""https://http2.mlstatic.com/D_NQ_NP_80...",images_json_invalid,JSON inválido: Expecting ':' delimiter: line 1 column 4 (char 3),(lista vacía),True
39,https://www.portalinmobiliario.com/MLC-3482479432-casa-en-estancia-liray-modelo-cisne-disponibilidad-inmedia-_JM,IMAGES," Modelo Cisne, Disponibilidad Inmedia"""",{""""""""n_img"""""""": 5, """"""""images"""""""": [""...",images_json_invalid,JSON inválido: Expecting value: line 1 column 1 (char 0),(lista vacía),True
40,https://www.portalinmobiliario.com/MLC-3479991924-casa-modelo-cisne-en-condominio-disponible-1-de-febrero-_JM,IMAGES," Disponible 1 De Febrero"""",{""""""""n_img"""""""": 5, """"""""images"""""""": [""""""""https://ht...",images_json_invalid,JSON inválido: Expecting value: line 1 column 1 (char 0),(lista vacía),True
41,https://www.portalinmobiliario.com/MLC-3460106204-casa-autopista-los-libertadores-km-41-9340000-colina-reion-_JM,IMAGES," 9340000 Colina Reion"""",{""""""""n_img"""""""": 5, """"""""images"""""""": [""""""""https://http2...",images_json_invalid,JSON inválido: Extra data: line 1 column 9 (char 8),(lista vacía),True
42,https://www.portalinmobiliario.com/MLC-1769283027-casa-remodelada-en-arriendo-4d-4b-800-mts-colegio-lyncon-_JM,IMAGES," 800 Mts, Colegio Lyncon."""",{""""""""n_img"""""""": 5, """"""""images"""""""": [""""""""https://h...",images_json_invalid,JSON inválido: Extra data: line 1 column 5 (char 4),(lista vacía),True
43,https://www.portalinmobiliario.com/MLC-1809847797-4-dormit-servicios-escritorio-colegio-aleman-los-rios-_JM,IMAGES," Los Ríos"""",{""""""""n_img"""""""": 5, """"""""images"""""""": [""""""""https://http2.mlstatic.co...",images_json_invalid,JSON inválido: Expecting value: line 1 column 1 (char 0),(lista vacía),True
44,https://www.portalinmobiliario.com/MLC-3485546276-acogedora-casa-en-chicureo-gran-terreno-yexcelente-ubicacion-_JM,IMAGES,"{""""""""n_img"""""""": 5, """"""""images"""""""": [""""""""https://http2.mlstatic.com/D_NQ_NP_84...",images_json_invalid,JSON inválido: Expecting ':' delimiter: line 1 column 4 (char 3),(lista vacía),True
45,https://www.portalinmobiliario.com/MLC-3479889224-casa-en-condominio-cerrado-5-dormitorios-5-banos-_JM,IMAGES,"{""""""""n_img"""""""": 5, """"""""images"""""""": [""""""""https://http2.mlstatic.com/D_NQ_NP_76...",images_json_invalid,JSON inválido: Expecting ':' delimiter: line 1 column 4 (char 3),(lista vacía),True
46,https://www.portalinmobiliario.com/MLC-3480122972-casa-con-gran-piscina-techada-y-4-dorm-_JM,IMAGES,"{""""""""n_img"""""""": 5, """"""""images"""""""": [""""""""https://http2.mlstatic.com/D_NQ_NP_64...",images_json_invalid,JSON inválido: Expecting ':' delimiter: line 1 column 4 (char 3),(lista vacía),True
47,https://www.portalinmobiliario.com/MLC-1807979717-casa-en-arriendo-de-6-dorm-en-colina-_JM,IMAGES,"{""""""""n_img"""""""": 5, """"""""images"""""""": [""""""""https://http2.mlstatic.com/D_NQ_NP_69...",images_json_invalid,JSON inválido: Expecting ':' delimiter: line 1 column 4 (char 3),(lista vacía),True
48,https://www.portalinmobiliario.com/MLC-1807138889-casa-en-arriendo-de-4-dorm-en-colina-_JM,IMAGES,"{""""""""n_img"""""""": 5, """"""""images"""""""": [""""""""https://http2.mlstatic.com/D_NQ_NP_94...",images_json_invalid,JSON inválido: Expecting ':' delimiter: line 1 column 4 (char 3),(lista vacía),True
49,https://www.portalinmobiliario.com/MLC-3485227368-casa-en-arriendo-en-curacavi-_JM,IMAGES,"{""""""""n_img"""""""": 5, """"""""images"""""""": [""""""""https://http2.mlstatic.com/D_NQ_NP_71...",images_json_invalid,JSON inválido: Expecting ':' delimiter: line 1 column 4 (char 3),(lista vacía),True
50,https://www.portalinmobiliario.com/MLC-1809100563-hermosa-casa-en-condominio-las-vertientes-de-zapata-_JM,IMAGES,"{""""""""n_img"""""""": 5, """"""""images"""""""": [""""""""https://http2.mlstatic.com/D_NQ_NP_80...",images_json_invalid,JSON inválido: Expecting ':' delimiter: line 1 column 4 (char 3),(lista vacía),True
51,https://www.portalinmobiliario.com/MLC-3393030754-arriendo-casa-grande-para-uso-habitacional-u-oficina-_JM,IMAGES,"{""""""""n_img"""""""": 5, """"""""images"""""""": [""""""""https://http2.mlstatic.com/D_NQ_NP_86...",images_json_invalid,JSON inválido: Expecting ':' delimiter: line 1 column 4 (char 3),(lista vacía),True
52,https://www.portalinmobiliario.com/MLC-1808211197-el-placer-de-vivir-lejos-del-estres-de-santiago-_JM,IMAGES,"{""""""""n_img"""""""": 5, """"""""images"""""""": [""""""""https://http2.mlstatic.com/D_NQ_NP_77...",images_json_invalid,JSON inválido: Expecting ':' delimiter: line 1 column 4 (char 3),(lista vacía),True
53,https://www.portalinmobiliario.com/MLC-3479996004-se-arrienda-casa-recien-remodelada-con-local-comercial-_JM,IMAGES,"{""""""""n_img"""""""": 5, """"""""images"""""""": [""""""""https://http2.mlstatic.com/D_NQ_NP_95...",images_json_invalid,JSON inválido: Expecting ':' delimiter: line 1 column 4 (char 3),(lista vacía),True
54,https://www.portalinmobiliario.com/MLC-3480319808-casa-fernando-rioja-la-cisterna-5d-4b-estacionamientos-_JM,IMAGES," La Cisterna / 5d 4b Estacionamientos"""",{""""""""n_img"""""""": 5, """"""""images"""""""": [""...",images_json_invalid,JSON inválido: Expecting value: line 1 column 1 (char 0),(lista vacía),True
55,https://www.portalinmobiliario.com/MLC-1810008063-casa-3-dormitorios-metro-rmagallanes-121534-_JM,IMAGES," Metro R.magallanes. (121534)"""",{""""""""n_img"""""""": 5, """"""""images"""""""": [""""""""https...",images_json_invalid,JSON inválido: Expecting value: line 1 column 1 (char 0),(lista vacía),True
56,https://www.portalinmobiliario.com/MLC-3485513086-casa-alto-macul-138933-_JM,IMAGES,"{""""""""n_img"""""""": 5, """"""""images"""""""": [""""""""https://http2.mlstatic.com/D_NQ_NP_68...",images_json_invalid,JSON inválido: Expecting ':' delimiter: line 1 column 4 (char 3),(lista vacía),True
57,https://www.portalinmobiliario.com/MLC-3480098914-01-de-marzo-casa-de-dos-pisos-en-condominio-arriendo-_JM,IMAGES,"{""""""""n_img"""""""": 5, """"""""images"""""""": [""""""""https://http2.mlstatic.com/D_NQ_NP_83...",images_json_invalid,JSON inválido: Expecting ':' delimiter: line 1 column 4 (char 3),(lista vacía),True
58,https://www.portalinmobiliario.com/MLC-1810839007-excelente-oportunidad-casa-en-arriendo-3d2bela-florida-_JM,IMAGES,"la Florida"""",{""""""""n_img"""""""": 5, """"""""images"""""""": [""""""""https://http2.mlstatic.c...",images_json_invalid,JSON inválido: Expecting value: line 1 column 1 (char 0),(lista vacía),True
59,https://www.portalinmobiliario.com/MLC-1785411685-metro-trinidad-_JM,IMAGES,"{""""""""n_img"""""""": 5, """"""""images"""""""": [""""""""https://http2.mlstatic.com/D_NQ_NP_97...",images_json_invalid,JSON inválido: Expecting ':' delimiter: line 1 column 4 (char 3),(lista vacía),True
60,https://www.portalinmobiliario.com/MLC-3368042276-pieza-interior-cn-bano-privado-1persona-cerca-metro-trinidad-_JM,IMAGES,"{""""""""n_img"""""""": 5, """"""""images"""""""": [""""""""https://http2.mlstatic.com/D_NQ_NP_84...",images_json_invalid,JSON inválido: Expecting ':' delimiter: line 1 column 4 (char 3),(lista vacía),True
61,https://www.portalinmobiliario.com/MLC-1808011423-se-arrienda-casa-recien-remodelada-sector-jardin-alto-_JM,IMAGES," Sector Jardin Alto"""",{""""""""n_img"""""""": 5, """"""""images"""""""": [""""""""https://http2.m...",images_json_invalid,JSON inválido: Expecting value: line 1 column 1 (char 0),(lista vacía),True
62,https://www.portalinmobiliario.com/MLC-1801178063-oportunidad-arriendo-de-casa-grande-trato-directo-con-dueno-_JM,IMAGES,"{""""""""n_img"""""""": 5, """"""""images"""""""": [""""""""https://http2.mlstatic.com/D_NQ_NP_64...",images_json_invalid,JSON inválido: Expecting ':' delimiter: line 1 column 4 (char 3),(lista vacía),True
63,https://www.portalinmobiliario.com/MLC-1810836493-arriendo-casa-en-la-florida-con-patio-amplio-_JM,IMAGES,"{""""""""n_img"""""""": 5, """"""""images"""""""": [""""""""https://http2.mlstatic.com/D_NQ_NP_64...",images_json_invalid,JSON inválido: Expecting ':' delimiter: line 1 column 4 (char 3),(lista vacía),True
64,https://www.portalinmobiliario.com/MLC-3479895930-propiedad-muy-amplia-_JM,IMAGES,"{""""""""n_img"""""""": 5, """"""""images"""""""": [""""""""https://http2.mlstatic.com/D_NQ_NP_64...",images_json_invalid,JSON inválido: Expecting ':' delimiter: line 1 column 4 (char 3),(lista vacía),True
65,https://www.portalinmobiliario.com/MLC-3470872646-casa-en-condominio-la-reina-alta-120813-_JM,IMAGES,"{""""""""n_img"""""""": 5, """"""""images"""""""": [""""""""https://http2.mlstatic.com/D_NQ_NP_69...",images_json_invalid,JSON inválido: Expecting ':' delimiter: line 1 column 4 (char 3),(lista vacía),True
66,https://www.portalinmobiliario.com/MLC-3479954478-linda-moderna-funcional-la-reina-central-_JM,IMAGES," Moderna, Funcional, La Reina Central"""",{""""""""n_img"""""""": 5, """"""""images"""""""": [""...",images_json_invalid,JSON inválido: Expecting value: line 1 column 1 (char 0),(lista vacía),True
67,https://www.portalinmobiliario.com/MLC-3484653700-se-arrienda-sin-comision-frente-hospital-militar-_JM,IMAGES,"{""""""""n_img"""""""": 5, """"""""images"""""""": [""""""""https://http2.mlstatic.com/D_NQ_NP_66...",images_json_invalid,JSON inválido: Expecting ':' delimiter: line 1 column 4 (char 3),(lista vacía),True
68,https://www.portalinmobiliario.com/MLC-1807990121-casa-nueva-en-arriendo-en-rahue-2-_JM,IMAGES,"{""""""""n_img"""""""": 5, """"""""images"""""""": [""""""""https://http2.mlstatic.com/D_NQ_NP_60...",images_json_invalid,JSON inválido: Expecting ':' delimiter: line 1 column 4 (char 3),(lista vacía),True
69,https://www.portalinmobiliario.com/MLC-3473774680-casa-en-arriendo-de-3-dorm-en-lampa-_JM,IMAGES,"{""""""""n_img"""""""": 5, """"""""images"""""""": [""""""""https://http2.mlstatic.com/D_NQ_NP_96...",images_json_invalid,JSON inválido: Expecting ':' delimiter: line 1 column 4 (char 3),(lista vacía),True
70,https://www.portalinmobiliario.com/MLC-3482075284-arriendo-casa-lampa-condominio-los-coihues-aislada-_JM,IMAGES,"{""""""""n_img"""""""": 5, """"""""images"""""""": [""""""""https://http2.mlstatic.com/D_NQ_NP_67...",images_json_invalid,JSON inválido: Expecting ':' delimiter: line 1 column 4 (char 3),(lista vacía),True
71,https://www.portalinmobiliario.com/MLC-1809897099-searrienda-amplia-casa-en-la-4ta-etapa-de-larapinta-_JM,IMAGES,"{""""""""n_img"""""""": 5, """"""""images"""""""": [""""""""https://http2.mlstatic.com/D_NQ_NP_79...",images_json_invalid,JSON inválido: Expecting ':' delimiter: line 1 column 4 (char 3),(lista vacía),True
72,https://www.portalinmobiliario.com/MLC-1809877915-casa-en-chicauma-3d-3b-condominio-cerrado-138815-_JM,IMAGES,"{""""""""n_img"""""""": 5, """"""""images"""""""": [""""""""https://http2.mlstatic.com/D_NQ_NP_88...",images_json_invalid,JSON inválido: Expecting ':' delimiter: line 1 column 4 (char 3),(lista vacía),True
73,https://www.portalinmobiliario.com/MLC-1810914177-arriendo-casa-valle-grande-lampa-_JM,IMAGES,"lampa"""",{""""""""n_img"""""""": 5, """"""""images"""""""": [""""""""https://http2.mlstatic.com/D_...",images_json_invalid,JSON inválido: Expecting value: line 1 column 1 (char 0),(lista vacía),True
74,https://www.portalinmobiliario.com/MLC-3484876782-casa-en-arriendo-en-las-condes-_JM,IMAGES,"{""""""""n_img"""""""": 5, """"""""images"""""""": [""""""""https://http2.mlstatic.com/D_NQ_NP_94...",images_json_invalid,JSON inválido: Expecting ':' delimiter: line 1 column 4 (char 3),(lista vacía),True
75,https://www.portalinmobiliario.com/MLC-3470857518-se-arrienda-casa-cercana-a-metro-colon-y-colegios-_JM,IMAGES,"{""""""""n_img"""""""": 5, """"""""images"""""""": [""""""""https://http2.mlstatic.com/D_NQ_NP_67...",images_json_invalid,JSON inválido: Expecting ':' delimiter: line 1 column 4 (char 3),(lista vacía),True
76,https://www.portalinmobiliario.com/MLC-3485305156-arriendo-casa-en-condominio-en-las-condes-4-piezas-3-banos-_JM,IMAGES," 4 Piezas, 3 Baños"""",{""""""""n_img"""""""": 5, """"""""images"""""""": [""""""""https://http2.ml...",images_json_invalid,JSON inválido: Extra data: line 1 column 3 (char 2),(lista vacía),True
77,https://www.portalinmobiliario.com/MLC-3394768280-casa-arriendo-4-dormitorios-3-banos-servicios-felix-amesti-_JM,IMAGES," 3 Baños, Servicios Felix Amesti"""",{""""""""n_img"""""""": 5, """"""""images"""""""": [""""""""ht...",images_json_invalid,JSON inválido: Extra data: line 1 column 3 (char 2),(lista vacía),True
78,https://www.portalinmobiliario.com/MLC-3480320000-casa-condominio-san-luis-el-golf-_JM,IMAGES,"{""""""""n_img"""""""": 5, """"""""images"""""""": [""""""""https://http2.mlstatic.com/D_NQ_NP_77...",images_json_invalid,JSON inválido: Expecting ':' delimiter: line 1 column 4 (char 3),(lista vacía),True
79,https://www.portalinmobiliario.com/MLC-3480089486-casa-en-arriendo-de-5-dorm-en-las-condes-_JM,IMAGES,"{""""""""n_img"""""""": 5, """"""""images"""""""": [""""""""https://http2.mlstatic.com/D_NQ_NP_92...",images_json_invalid,JSON inválido: Expecting ':' delimiter: line 1 column 4 (char 3),(lista vacía),True
80,https://www.portalinmobiliario.com/MLC-1795159931-preciosa-casa-estilo-mediterraneo-5-suite-sector-los-nogales-_JM,IMAGES,"{""""""""n_img"""""""": 5, """"""""images"""""""": [""""""""https://http2.mlstatic.com/D_NQ_NP_62...",images_json_invalid,JSON inválido: Expecting ':' delimiter: line 1 column 4 (char 3),(lista vacía),True
81,https://www.portalinmobiliario.com/MLC-3480148442-casa-en-arriendo-de-6-dorm-en-chicureo-colina-_JM,IMAGES," Colina"""",{""""""""n_img"""""""": 5, """"""""images"""""""": [""""""""https://http2.mlstatic.com/...",images_json_invalid,JSON inválido: Expecting value: line 1 column 1 (char 0),(lista vacía),True
82,https://www.portalinmobiliario.com/MLC-3480317960-preciosa-casa-en-parcela-en-condominio-5d5b-hermoso-jardin-_JM,IMAGES,"{""""""""n_img"""""""": 5, """"""""images"""""""": [""""""""https://http2.mlstatic.com/D_NQ_NP_97...",images_json_invalid,JSON inválido: Expecting ':' delimiter: line 1 column 4 (char 3),(lista vacía),True
83,https://www.portalinmobiliario.com/MLC-3469481926-casa-en-arriendo-con-compromiso-de-compra-chicureo-colina-_JM,IMAGES,"{""""""""n_img"""""""": 5, """"""""images"""""""": [""""""""https://http2.mlstatic.com/D_NQ_NP_85...",images_json_invalid,JSON inválido: Expecting ':' delimiter: line 1 column 4 (char 3),(lista vacía),True
84,https://www.portalinmobiliario.com/MLC-3485486902-casa-en-arriendo-de-3-dorm-en-colina-piedra-roja-chicureo-_JM,IMAGES,"{""""""""n_img"""""""": 5, """"""""images"""""""": [""""""""https://http2.mlstatic.com/D_NQ_NP_99...",images_json_invalid,JSON inválido: Expecting ':' delimiter: line 1 column 4 (char 3),(lista vacía),True
85,https://www.portalinmobiliario.com/MLC-1808263227-casa-en-arriendo-de-5-dorm-en-chicureo-colina-_JM,IMAGES," Colina"""",{""""""""n_img"""""""": 5, """"""""images"""""""": [""""""""https://http2.mlstatic.com/...",images_json_invalid,JSON inválido: Expecting value: line 1 column 1 (char 0),(lista vacía),True
86,https://www.portalinmobiliario.com/MLC-1798918805-arriendo-amoblado-dpto-2d-2b-barrio-el-golf-las-condes-_JM,IMAGES," Dpto 2d-2b, Barrio El Golf, Las Condes"""",{""""""""n_img"""""""": 5, """"""""images"""""""": ...",images_json_invalid,JSON inválido: Expecting value: line 1 column 1 (char 0),(lista vacía),True
87,https://www.portalinmobiliario.com/MLC-3456234118-departamento-en-arriendo-de-3-dorm-en-las-condes-_JM,IMAGES,"{""""""""n_img"""""""": 5, """"""""images"""""""": [""""""""https://http2.mlstatic.com/D_NQ_NP_78...",images_json_invalid,JSON inválido: Expecting ':' delimiter: line 1 column 4 (char 3),(lista vacía),True
88,https://www.portalinmobiliario.com/MLC-1775295521-departamento-en-arriendo-de-3-dorm-mas-servic-en-las-condes-_JM,IMAGES,"{""""""""n_img"""""""": 5, """"""""images"""""""": [""""""""https://http2.mlstatic.com/D_NQ_NP_98...",images_json_invalid,JSON inválido: Expecting ':' delimiter: line 1 column 4 (char 3),(lista vacía),True
89,https://www.portalinmobiliario.com/MLC-1808213583-2d-2b-i-90-m2-totales-i-2-e-i-parque-araucano-p-arauco-_JM,IMAGES,"{""""""""n_img"""""""": 5, """"""""images"""""""": [""""""""https://http2.mlstatic.com/D_NQ_NP_88...",images_json_invalid,JSON inválido: Expecting ':' delimiter: line 1 column 4 (char 3),(lista vacía),True
90,https://www.portalinmobiliario.com/MLC-3384672896-hermoso-2d-i-2b-i-e-i-parque-araucano-_JM,IMAGES,"{""""""""n_img"""""""": 5, """"""""images"""""""": [""""""""https://http2.mlstatic.com/D_NQ_NP_86...",images_json_invalid,JSON inválido: Expecting ':' delimiter: line 1 column 4 (char 3),(lista vacía),True
91,https://www.portalinmobiliario.com/MLC-3466880790-buen-depto-i-2d-2b-i-1e-i-parque-arauco-_JM,IMAGES,"{""""""""n_img"""""""": 5, """"""""images"""""""": [""""""""https://http2.mlstatic.com/D_NQ_NP_85...",images_json_invalid,JSON inválido: Expecting ':' delimiter: line 1 column 4 (char 3),(lista vacía),True
92,https://www.portalinmobiliario.com/MLC-1808094559-departamento-en-arriendo-de-4-dorm-en-las-condes-_JM,IMAGES,"{""""""""n_img"""""""": 5, """"""""images"""""""": [""""""""https://http2.mlstatic.com/D_NQ_NP_74...",images_json_invalid,JSON inválido: Expecting ':' delimiter: line 1 column 4 (char 3),(lista vacía),True
93,https://www.portalinmobiliario.com/MLC-1810034215-departamento-arriendo-de-1-dorm-las-condes-increible-ubicac-_JM,IMAGES,"{""""""""n_img"""""""": 5, """"""""images"""""""": [""""""""https://http2.mlstatic.com/D_NQ_NP_62...",images_json_invalid,JSON inválido: Expecting ':' delimiter: line 1 column 4 (char 3),(lista vacía),True
94,https://www.portalinmobiliario.com/MLC-1801142261-depto-en-arriendo-en-las-condesmetro-hernando-de-magallanes-_JM,IMAGES,"{""""""""n_img"""""""": 5, """"""""images"""""""": [""""""""https://http2.mlstatic.com/D_NQ_NP_64...",images_json_invalid,JSON inválido: Expecting ':' delimiter: line 1 column 4 (char 3),(lista vacía),True
95,https://www.portalinmobiliario.com/MLC-3489443808-departamento-en-arriendo-de-2-dorm-en-nunoa-_JM,IMAGES,"{""""""""n_img"""""""": 5, """"""""images"""""""": [""""""""https://http2.mlstatic.com/D_NQ_NP_91...",images_json_invalid,JSON inválido: Expecting ':' delimiter: line 1 column 4 (char 3),(lista vacía),True
96,https://www.portalinmobiliario.com/MLC-3441928428-departamento-en-arriendo-de-1-dorm-en-nunoa-_JM,IMAGES,"{""""""""n_img"""""""": 5, """"""""images"""""""": [""""""""https://http2.mlstatic.com/D_NQ_NP_90...",images_json_invalid,JSON inválido: Expecting ':' delimiter: line 1 column 4 (char 3),(lista vacía),True
97,https://www.portalinmobiliario.com/MLC-3423266286-departamento-en-arriendo-de-2-dorm-en-vitacura-_JM,IMAGES,"{""""""""n_img"""""""": 5, """"""""images"""""""": [""""""""https://http2.mlstatic.com/D_NQ_NP_94...",images_json_invalid,JSON inválido: Expecting ':' delimiter: line 1 column 4 (char 3),(lista vacía),True
98,https://www.portalinmobiliario.com/MLC-1766562781-excelente-oportunidad-oficina-de-232m2-sector-el-golf-_JM,IMAGES,"{""""""""n_img"""""""": 5, """"""""images"""""""": [""""""""https://http2.mlstatic.com/D_Q_NP_785...",images_json_invalid,JSON inválido: Expecting ':' delimiter: line 1 column 4 (char 3),(lista vacía),True
99,https://www.portalinmobiliario.com/MLC-3391708180-oficina-en-arriendo-en-vitacura-_JM,IMAGES,"{""""""""n_img"""""""": 5, """"""""images"""""""": [""""""""https://http2.mlstatic.com/D_NQ_NP_2X...",images_json_invalid,JSON inválido: Expecting ':' delimiter: line 1 column 4 (char 3),(lista vacía),True
100,https://www.portalinmobiliario.com/MLC-1777318981-oficina-en-arriendo-en-vitacura-_JM,IMAGES,"{""""""""n_img"""""""": 5, """"""""images"""""""": [""""""""https://http2.mlstatic.com/D_NQ_NP_2X...",images_json_invalid,JSON inválido: Expecting ':' delimiter: line 1 column 4 (char 3),(lista vacía),True
101,https://www.portalinmobiliario.com/MLC-1560220407-casa-en-venta-de-4-dorm-en-colina-_JM,IMAGES,"{""""""""n_img"""""""": 5, """"""""images"""""""": [""""""""https://http2.mlstatic.com/D_NQ_NP_92...",images_json_invalid,JSON inválido: Expecting ':' delimiter: line 1 column 4 (char 3),(lista vacía),True
102,https://www.portalinmobiliario.com/MLC-3482259688-casa-remodelada-cercana-al-centro-de-santiago-y-autopistas-_JM,IMAGES," Cercana Al Centro De Santiago Y Autopistas"""",{""""""""n_img"""""""": 5, """"""""images""""...",images_json_invalid,JSON inválido: Expecting value: line 1 column 1 (char 0),(lista vacía),True
103,https://www.portalinmobiliario.com/MLC-3479999420-amplio-terreno-con-casa-para-remodelar-133097-_JM,IMAGES,"{""""""""n_img"""""""": 5, """"""""images"""""""": [""""""""https://http2.mlstatic.com/D_NQ_NP_98...",images_json_invalid,JSON inválido: Expecting ':' delimiter: line 1 column 4 (char 3),(lista vacía),True
104,https://www.portalinmobiliario.com/MLC-3250868996-casa-en-venta-en-la-reina-_JM,IMAGES,"{""""""""n_img"""""""": 5, """"""""images"""""""": [""""""""https://http2.mlstatic.com/D_NQ_NP_2X...",images_json_invalid,JSON inválido: Expecting ':' delimiter: line 1 column 4 (char 3),(lista vacía),True
105,https://www.portalinmobiliario.com/MLC-3479947588-oportunidad-venta-parcela-hermosa-7d-5b-94464-_JM,IMAGES,"{""""""""n_img"""""""": 5, """"""""images"""""""": [""""""""https://http2.mlstatic.com/D_NQ_NP_78...",images_json_invalid,JSON inválido: Expecting ':' delimiter: line 1 column 4 (char 3),(lista vacía),True
106,https://www.portalinmobiliario.com/MLC-3339666606-casa-en-venta-en-lujan-_JM,IMAGES,"{""""""""n_img"""""""": 5, """"""""images"""""""": [""""""""https://http2.mlstatic.com/D_NQ_NP_61...",images_json_invalid,JSON inválido: Expecting ':' delimiter: line 1 column 4 (char 3),(lista vacía),True
107,https://www.portalinmobiliario.com/MLC-3441044252-casa-en-venta-de-3-dorm-en-las-condes-_JM,IMAGES,"{""""""""n_img"""""""": 5, """"""""images"""""""": [""""""""https://http2.mlstatic.com/D_NQ_NP_69...",images_json_invalid,JSON inválido: Expecting ':' delimiter: line 1 column 4 (char 3),(lista vacía),True
108,https://www.portalinmobiliario.com/MLC-1769043033-maravillosa-casa-en-pasaje-abierto-3d-servicioescritorio-_JM,LATITUD/LONGITUD,"(3e-05, 3e-05)",coordinates_invalid,No convertible a número (original: '3e-05'),"(0.0, 0.0)",True
108,https://www.portalinmobiliario.com/MLC-1769043033-maravillosa-casa-en-pasaje-abierto-3d-servicioescritorio-_JM,IMAGES,"{""""""""n_img"""""""": 0, """"""""images"""""""": []}""""",images_json_invalid,JSON inválido: Expecting ':' delimiter: line 1 column 4 (char 3),(lista vacía),True
109,https://www.portalinmobiliario.com/MLC-1748940053-hermosa-e-impecablecasa-en-venta-de-4-dorm-las-condes-_JM,IMAGES,"{""""""""n_img"""""""": 5, """"""""images"""""""": [""""""""https://http2.mlstatic.com/D_NQ_NP_91...",images_json_invalid,JSON inválido: Expecting ':' delimiter: line 1 column 4 (char 3),(lista vacía),True
110,https://www.portalinmobiliario.com/MLC-1688496595-casa-familiar-piscina-barrio-los-dominicos-antiguo-_JM,LATITUD/LONGITUD,"(3e-05, 3e-05)",coordinates_invalid,No convertible a número (original: '3e-05'),"(0.0, 0.0)",True
110,https://www.portalinmobiliario.com/MLC-1688496595-casa-familiar-piscina-barrio-los-dominicos-antiguo-_JM,IMAGES,"{""""""""n_img"""""""": 5, """"""""images"""""""": [""""""""https://http2.mlstatic.com/D_NQ_NP_2X...",images_json_invalid,JSON inválido: Expecting ':' delimiter: line 1 column 4 (char 3),(lista vacía),True
111,https://www.portalinmobiliario.com/MLC-3423861872-pie-andino-_JM,IMAGES,"{""""""""n_img"""""""": 5, """"""""images"""""""": [""""""""https://http2.mlstatic.com/D_NQ_NP_83...",images_json_invalid,JSON inválido: Expecting ':' delimiter: line 1 column 4 (char 3),(lista vacía),True
112,https://www.portalinmobiliario.com/MLC-3402389656-casa-en-venta-en-lo-barnechea-_JM,IMAGES,"{""""""""n_img"""""""": 5, """"""""images"""""""": [""""""""https://http2.mlstatic.com/D_NQ_NP_99...",images_json_invalid,JSON inválido: Expecting ':' delimiter: line 1 column 4 (char 3),(lista vacía),True
113,https://www.portalinmobiliario.com/MLC-1757327465-casa-en-venta-de-4-dorm-en-nunoa-_JM,IMAGES,"{""""""""n_img"""""""": 5, """"""""images"""""""": [""""""""https://http2.mlstatic.com/D_NQ_NP_71...",images_json_invalid,JSON inválido: Expecting ':' delimiter: line 1 column 4 (char 3),(lista vacía),True
114,https://www.portalinmobiliario.com/MLC-3439749078-casa-de-3-dormitorios-barrio-plaza-uruguay-providencia-_JM,IMAGES," Providencia"""",{""""""""n_img"""""""": 5, """"""""images"""""""": [""""""""https://http2.mlstatic...",images_json_invalid,JSON inválido: Expecting value: line 1 column 1 (char 0),(lista vacía),True
115,https://www.portalinmobiliario.com/MLC-3365180808-casa-en-venta-e-diego-de-almagro-excelente-ubcacion--_JM,IMAGES,"{""""""""n_img"""""""": 5, """"""""images"""""""": [""""""""https://http2.mlstatic.com/D_NQ_NP_79...",images_json_invalid,JSON inválido: Expecting ':' delimiter: line 1 column 4 (char 3),(lista vacía),True
116,https://www.portalinmobiliario.com/MLC-1810083569-casa-en-venta-de-4-dorm-en-providencia-_JM,IMAGES,"{""""""""n_img"""""""": 5, """"""""images"""""""": [""""""""https://http2.mlstatic.com/D_NQ_NP_84...",images_json_invalid,JSON inválido: Expecting ':' delimiter: line 1 column 4 (char 3),(lista vacía),True
117,https://www.portalinmobiliario.com/MLC-3378129160-impecable-casa-nueva-en-exclusivo-condominio-pol-_JM,IMAGES," Pol..."""",{""""""""n_img"""""""": 5, """"""""images"""""""": [""""""""https://http2.mlstatic.com/...",images_json_invalid,JSON inválido: Expecting value: line 1 column 1 (char 0),(lista vacía),True
118,https://www.portalinmobiliario.com/MLC-1806545589-casa-en-venta-en-vitacura-_JM,IMAGES,"{""""""""n_img"""""""": 5, """"""""images"""""""": [""""""""https://http2.mlstatic.com/D_NQ_NP_81...",images_json_invalid,JSON inválido: Expecting ':' delimiter: line 1 column 4 (char 3),(lista vacía),True
119,https://www.portalinmobiliario.com/MLC-3370768646-casa-en-estoril-increible-jardin-con-piscina-4d-2b-_JM,IMAGES," Increíble Jardín Con Piscina 4d-2b"""",{""""""""n_img"""""""": 5, """"""""images"""""""": [""""""...",images_json_invalid,JSON inválido: Expecting value: line 1 column 1 (char 0),(lista vacía),True
120,https://www.portalinmobiliario.com/MLC-1809748373-casa-en-venta-en-vitacura-_JM,IMAGES,"{""""""""n_img"""""""": 5, """"""""images"""""""": [""""""""https://http2.mlstatic.com/D_NQ_NP_65...",images_json_invalid,JSON inválido: Expecting ':' delimiter: line 1 column 4 (char 3),(lista vacía),True
121,https://www.portalinmobiliario.com/MLC-1736860619-casa-en-venta-de-4-dorm-en-vitacura-sector-colegio-aleman-_JM,IMAGES,"{""""""""n_img"""""""": 5, """"""""images"""""""": [""""""""https://http2.mlstatic.com/D_NQ_NP_79...",images_json_invalid,JSON inválido: Expecting ':' delimiter: line 1 column 4 (char 3),(lista vacía),True
122,https://www.portalinmobiliario.com/MLC-1773014877-casa-en-venta-en-vitacura-_JM,IMAGES,"{""""""""n_img"""""""": 5, """"""""images"""""""": [""""""""https://http2.mlstatic.com/D_NQ_NP_86...",images_json_invalid,JSON inválido: Expecting ':' delimiter: line 1 column 4 (char 3),(lista vacía),True
123,https://www.portalinmobiliario.com/MLC-3456383094-casa-en-venta-de-6-dorm-en-vitacura-_JM,IMAGES,"{""""""""n_img"""""""": 5, """"""""images"""""""": [""""""""https://http2.mlstatic.com/D_NQ_NP_74...",images_json_invalid,JSON inválido: Expecting ':' delimiter: line 1 column 4 (char 3),(lista vacía),True
124,https://www.portalinmobiliario.com/MLC-1695616463-departamento-en-venta-de-1-dorm-en-lo-barnechea-_JM,IMAGES,"{""""""""n_img"""""""": 5, """"""""images"""""""": [""""""""https://http2.mlstatic.com/D_NQ_NP_2X...",images_json_invalid,JSON inválido: Expecting ':' delimiter: line 1 column 4 (char 3),(lista vacía),True
125,https://www.portalinmobiliario.com/MLC-1764995649-depto-en-nunoa-condiciones-esp-financiamiento-_JM,LATITUD/LONGITUD,"(45.4200572, -75.7003397)",coordinates_invalid,"Coordenadas fuera de Chile: (45.4200572, -75.7003397)","(0.0, 0.0)",True
125,https://www.portalinmobiliario.com/MLC-1764995649-depto-en-nunoa-condiciones-esp-financiamiento-_JM,IMAGES,"{""""""""n_img"""""""": 5, """"""""images"""""""": [""""""""https://http2.mlstatic.com/D_NQ_NP_88...",images_json_invalid,JSON inválido: Expecting ':' delimiter: line 1 column 4 (char 3),(lista vacía),True
126,https://www.portalinmobiliario.com/MLC-3458340654-se-vende-promesa-de-compraventa-100-uf-departamento-1d1b-_JM,IMAGES,"{""""""""n_img"""""""": 3, """"""""images"""""""": [""""""""https://http2.mlstatic.com/D_NQ_NP_82...",images_json_invalid,JSON inválido: Expecting ':' delimiter: line 1 column 4 (char 3),(lista vacía),True
127,https://www.portalinmobiliario.com/MLC-1765321413-depto-en-las-condes-condiciones-esp-financiamiento-_JM,IMAGES,"{""""""""n_img"""""""": 5, """"""""images"""""""": [""""""""https://http2.mlstatic.com/D_NQ_NP_85...",images_json_invalid,JSON inválido: Expecting ':' delimiter: line 1 column 4 (char 3),(lista vacía),True
128,https://www.portalinmobiliario.com/MLC-2967744432-departamento-en-venta-de-3-dorm-en-las-condes-_JM,IMAGES,"{""""""""n_img"""""""": 5, """"""""images"""""""": [""""""""https://http2.mlstatic.com/D_NQ_NP_2X...",images_json_invalid,JSON inválido: Expecting ':' delimiter: line 1 column 4 (char 3),(lista vacía),True
129,https://www.portalinmobiliario.com/MLC-1763504071-departamento-en-venta-en-las-condes-_JM,IMAGES,"{""""""""n_img"""""""": 5, """"""""images"""""""": [""""""""https://http2.mlstatic.com/D_NQ_NP_98...",images_json_invalid,JSON inválido: Expecting ':' delimiter: line 1 column 4 (char 3),(lista vacía),True
130,https://www.portalinmobiliario.com/MLC-1801268925-barrio-vaticano-duplex-full-remodelado-_JM,LATITUD/LONGITUD,"(3e-05, 3e-05)",coordinates_invalid,No convertible a número (original: '3e-05'),"(0.0, 0.0)",True
130,https://www.portalinmobiliario.com/MLC-1801268925-barrio-vaticano-duplex-full-remodelado-_JM,IMAGES," Dúplex Full Remodelado"""",{""""""""n_img"""""""": 5, """"""""images"""""""": [""""""""https://htt...",images_json_invalid,JSON inválido: Expecting value: line 1 column 1 (char 0),(lista vacía),True
131,https://www.portalinmobiliario.com/MLC-1781378429-venta-depto-4-dorm4ban2est-bod-lo-barnechea-_JM,IMAGES,"{""""""""n_img"""""""": 5, """"""""images"""""""": [""""""""https://http2.mlstatic.com/D_NQ_NP_93...",images_json_invalid,JSON inválido: Expecting ':' delimiter: line 1 column 4 (char 3),(lista vacía),True
132,https://www.portalinmobiliario.com/MLC-1773084985-departamento-en-venta-en-lo-barnechea-_JM,IMAGES,"{""""""""n_img"""""""": 5, """"""""images"""""""": [""""""""https://http2.mlstatic.com/D_NQ_NP_88...",images_json_invalid,JSON inválido: Expecting ':' delimiter: line 1 column 4 (char 3),(lista vacía),True
133,https://www.portalinmobiliario.com/MLC-1731265025-lo-barnechea-hermoso-depto-3d-2b-como-nuevo-_JM,IMAGES,"{""""""""n_img"""""""": 5, """"""""images"""""""": [""""""""https://http2.mlstatic.com/D_NQ_NP_85...",images_json_invalid,JSON inválido: Expecting ':' delimiter: line 1 column 4 (char 3),(lista vacía),True
134,https://www.portalinmobiliario.com/MLC-3456176208-lujoso-departamento-en-venta-de-5-dorm-en-lo-barnechea-_JM,IMAGES,"{""""""""n_img"""""""": 5, """"""""images"""""""": [""""""""https://http2.mlstatic.com/D_NQ_NP_70...",images_json_invalid,JSON inválido: Expecting ':' delimiter: line 1 column 4 (char 3),(lista vacía),True
135,https://www.portalinmobiliario.com/MLC-3433040980-departamento-en-venta-en-lo-barnechea-_JM,IMAGES,"{""""""""n_img"""""""": 5, """"""""images"""""""": [""""""""https://http2.mlstatic.com/D_NQ_NP_83...",images_json_invalid,JSON inválido: Expecting ':' delimiter: line 1 column 4 (char 3),(lista vacía),True
136,https://www.portalinmobiliario.com/MLC-1795681407-se-vende-departamento-en-comuna-de-lo-barnechea-_JM,IMAGES,"{""""""""n_img"""""""": 5, """"""""images"""""""": [""""""""https://http2.mlstatic.com/D_NQ_NP_91...",images_json_invalid,JSON inválido: Expecting ':' delimiter: line 1 column 4 (char 3),(lista vacía),True
137,https://www.portalinmobiliario.com/MLC-3488151582-departamento-en-venta-de-5-dorm-en-lo-barnechea-_JM,IMAGES,"{""""""""n_img"""""""": 5, """"""""images"""""""": [""""""""https://http2.mlstatic.com/D_NQ_NP_70...",images_json_invalid,JSON inválido: Expecting ':' delimiter: line 1 column 4 (char 3),(lista vacía),True
138,https://www.portalinmobiliario.com/MLC-1811499657-departamento-en-venta-de-2-dorm-en-lo-barnechea-_JM,IMAGES,"{""""""""n_img"""""""": 5, """"""""images"""""""": [""""""""https://http2.mlstatic.com/D_NQ_NP_80...",images_json_invalid,JSON inválido: Expecting ':' delimiter: line 1 column 4 (char 3),(lista vacía),True
139,https://www.portalinmobiliario.com/MLC-1724667615-espectacular-penthouse-tulum-_JM,LATITUD/LONGITUD,"(20.2114185, -87.4653502)",coordinates_invalid,"Coordenadas fuera de Chile: (20.2114185, -87.4653502)","(0.0, 0.0)",True
139,https://www.portalinmobiliario.com/MLC-1724667615-espectacular-penthouse-tulum-_JM,IMAGES,"{""""""""n_img"""""""": 5, """"""""images"""""""": [""""""""https://http2.mlstatic.com/D_NQ_NP_2X...",images_json_invalid,JSON inválido: Expecting ':' delimiter: line 1 column 4 (char 3),(lista vacía),True
140,https://www.portalinmobiliario.com/MLC-1771170497-departamento-en-venta-de-2-dorm-con-estac-y-bod-en-nunoa-_JM,IMAGES,"{""""""""n_img"""""""": 5, """"""""images"""""""": [""""""""https://http2.mlstatic.com/D_NQ_NP_93...",images_json_invalid,JSON inválido: Expecting ':' delimiter: line 1 column 4 (char 3),(lista vacía),True
141,https://www.portalinmobiliario.com/MLC-3452995694-impecable-depto-renovado-3d2b-nunoa-_JM,IMAGES,"{""""""""n_img"""""""": 5, """"""""images"""""""": [""""""""https://http2.mlstatic.com/D_NQ_NP_79...",images_json_invalid,JSON inválido: Expecting ':' delimiter: line 1 column 4 (char 3),(lista vacía),True
142,https://www.portalinmobiliario.com/MLC-3456442436-departamento-en-venta-de-2-dorm-en-providencia-_JM,IMAGES,"{""""""""n_img"""""""": 5, """"""""images"""""""": [""""""""https://http2.mlstatic.com/D_NQ_NP_92...",images_json_invalid,JSON inválido: Expecting ':' delimiter: line 1 column 4 (char 3),(lista vacía),True
143,https://www.portalinmobiliario.com/MLC-1809821093-departamento-en-venta-en-providencia-_JM,IMAGES,"{""""""""n_img"""""""": 5, """"""""images"""""""": [""""""""https://http2.mlstatic.com/D_NQ_NP_63...",images_json_invalid,JSON inválido: Expecting ':' delimiter: line 1 column 4 (char 3),(lista vacía),True
144,https://www.portalinmobiliario.com/MLC-1735208117-nororiente-quincho-en-azotea-con-vista-a-la-cordillera-_JM,LATITUD/LONGITUD,"(3e-05, 3e-05)",coordinates_invalid,No convertible a número (original: '3e-05'),"(0.0, 0.0)",True
144,https://www.portalinmobiliario.com/MLC-1735208117-nororiente-quincho-en-azotea-con-vista-a-la-cordillera-_JM,IMAGES," Quincho En Azotea Con Vista A La Cordillera"""",{""""""""n_img"""""""": 5, """"""""images""...",images_json_invalid,JSON inválido: Expecting value: line 1 column 1 (char 0),(lista vacía),True
145,https://www.portalinmobiliario.com/MLC-3480265836-departamento-en-venta-de-3-dorm-en-providencia-_JM,IMAGES,"{""""""""n_img"""""""": 5, """"""""images"""""""": [""""""""https://http2.mlstatic.com/D_NQ_NP_98...",images_json_invalid,JSON inválido: Expecting ':' delimiter: line 1 column 4 (char 3),(lista vacía),True
146,https://www.portalinmobiliario.com/MLC-3433196424-exclusivo-nuevo-sin-comision-mejor-sector-de-vitacura-_JM,IMAGES,"{""""""""n_img"""""""": 5, """"""""images"""""""": [""""""""https://http2.mlstatic.com/D_NQ_NP_99...",images_json_invalid,JSON inválido: Expecting ':' delimiter: line 1 column 4 (char 3),(lista vacía),True
147,https://www.portalinmobiliario.com/MLC-3458205296-impecable-3d-4b-servicios-y-estar-i-4e-i-colegio-san-benito-_JM,IMAGES,"{""""""""n_img"""""""": 5, """"""""images"""""""": [""""""""https://http2.mlstatic.com/D_NQ_NP_91...",images_json_invalid,JSON inválido: Expecting ':' delimiter: line 1 column 4 (char 3),(lista vacía),True
148,https://www.portalinmobiliario.com/MLC-1768177503-venta-maravilloso-dpto-de-300m2-4d-3b-las-nieves-vitacura-_JM,IMAGES," 4d-3b, Las Nieves, Vitacura"""",{""""""""n_img"""""""": 5, """"""""images"""""""": [""""""""https:...",images_json_invalid,JSON inválido: Extra data: line 1 column 2 (char 1),(lista vacía),True
149,https://www.portalinmobiliario.com/MLC-1765380827-departamento-en-venta-en-vitacura-_JM,IMAGES,"{""""""""n_img"""""""": 5, """"""""images"""""""": [""""""""https://http2.mlstatic.com/D_NQ_NP_84...",images_json_invalid,JSON inválido: Expecting ':' delimiter: line 1 column 4 (char 3),(lista vacía),True
150,https://www.portalinmobiliario.com/MLC-3489545384-exclusivo-departamento-en-venta-con-jardin-en-lo-curro-_JM,IMAGES,"{""""""""n_img"""""""": 5, """"""""images"""""""": [""""""""https://http2.mlstatic.com/D_NQ_NP_90...",images_json_invalid,JSON inválido: Expecting ':' delimiter: line 1 column 4 (char 3),(lista vacía),True
